transaction_time,account_number,transaction_type,amount,source_file
2024-04-19 19:35:54,937647425,Deposit,3376.37,transactions5.csv
2024-04-19 19:35:54,912464069,Deposit,6429.02,transactions5.csv
2024-04-19 19:35:54,616218555,Deposit,3442.86,transactions5.csv
2024-04-19 19:35:54,937647425,Deposit,8843.01,transactions5.csv
2024-04-19 19:35:54,800133099,Deposit,9381.23,transactions5.csv
2024-04-19 19:35:54,937647425,Withdrawal,9774.65,transactions5.csv
2024-04-19 19:35:54,616218555,Transfer,1774.13,transactions5.csv
2024-04-19 19:35:54,539884640,Withdrawal,8227.41,transactions5.csv
2024-04-19 19:35:54,862986947,Withdrawal,4815.87,transactions5.csv
2024-04-19 19:35:54,984617160,Transfer,2171.01,transactions5.csv
2024-04-19 19:35:54,539884640,Withdrawal,9703.02,transactions5.csv
2024-04-19 19:35:54,461704306,Withdrawal,6827.07,transactions5.csv
2024-04-19 19:35:54,912464069,Transfer,5472.46,transactions5.csv
2024-04-19 19:35:54,824707383,Withdrawal,2076.6,transactions5.csv
2024-04-19 19:35:54,937647425,Withdrawal,425.7,transactions5.csv
2024-04-19 19:35:54,824707383,Deposit,1385.0,transactions5.csv
2024-04-19 19:35:54,937647425,Transfer,1314.95,transactions5.csv
2024-04-19 19:35:54,824707383,Deposit,299.49,transactions5.csv
2024-04-19 19:35:54,539884640,Transfer,8302.78,transactions5.csv
2024-04-19 19:35:54,912464069,Deposit,3513.1,transactions5.csv
2024-04-19 19:35:54,483922007,Transfer,9391.82,transactions5.csv
2024-04-19 19:35:54,567583879,Deposit,4183.93,transactions5.csv
2024-04-19 19:35:54,539884640,Deposit,5109.23,transactions5.csv
2024-04-19 19:35:54,984617160,Withdrawal,7116.78,transactions5.csv
2024-04-19 19:35:54,881664479,Deposit,4604.16,transactions5.csv
2024-04-19 19:35:54,616218555,Withdrawal,1921.17,transactions5.csv
2024-04-19 19:35:54,539884640,Withdrawal,7005.02,transactions5.csv
2024-04-19 19:35:54,912464069,Withdrawal,4189.67,transactions5.csv
2024-04-19 19:35:54,567583879,Withdrawal,6601.5,transactions5.csv
2024-04-19 19:35:54,616218555,Deposit,5936.39,transactions5.csv
2024-04-19 19:35:54,539884640,Deposit,5110.12,transactions5.csv
2024-04-19 19:35:54,357545469,Transfer,4310.13,transactions5.csv
2024-04-19 19:35:54,824707383,Withdrawal,6033.06,transactions5.csv
2024-04-19 19:35:54,800133099,Deposit,9550.99,transactions5.csv
2024-04-19 19:35:54,567583879,Deposit,9925.87,transactions5.csv
2024-04-19 19:35:54,483922007,Deposit,9798.46,transactions5.csv
2024-04-19 19:35:54,567583879,Transfer,7025.36,transactions5.csv
2024-04-19 19:35:54,461704306,Transfer,6602.79,transactions5.csv
2024-04-19 19:35:54,800133099,Deposit,8706.86,transactions5.csv
2024-04-19 19:35:54,800133099,Transfer,9465.01,transactions5.csv
2024-04-19 19:35:54,862986947,Transfer,3842.85,transactions5.csv
2024-04-19 19:35:54,824707383,Withdrawal,8581.58,transactions5.csv
2024-04-19 19:35:54,862986947,Transfer,4471.84,transactions5.csv
2024-04-19 19:35:54,862986947,Deposit,258.26,transactions5.csv
2024-04-19 19:35:54,824707383,Withdrawal,9881.21,transactions5.csv
2024-04-19 19:35:54,881664479,Deposit,9808.16,transactions5.csv
2024-04-19 19:35:54,800133099,Transfer,1891.74,transactions5.csv
2024-04-19 19:35:54,638990857,Withdrawal,7255.94,transactions5.csv
2024-04-19 19:35:54,616218555,Deposit,3972.18,transactions5.csv
2024-04-19 19:35:54,357545469,Transfer,6099.24,transactions5.csv
2024-04-19 19:35:54,638990857,Deposit,2074.42,transactions5.csv
2024-04-19 19:35:54,616218555,Deposit,3407.19,transactions5.csv
2024-04-19 19:35:54,638990857,Transfer,7900.84,transactions5.csv
2024-04-19 19:35:54,881664479,Deposit,9868.65,transactions5.csv
2024-04-19 19:35:54,638990857,Withdrawal,3688.29,transactions5.csv
2024-04-19 19:35:54,824707383,Transfer,2940.47,transactions5.csv
2024-04-19 19:35:54,862986947,Withdrawal,3631.76,transactions5.csv
2024-04-19 19:35:54,881664479,Deposit,4331.1,transactions5.csv
2024-04-19 19:35:54,881664479,Withdrawal,7045.4,transactions5.csv
2024-04-19 19:35:54,461704306,Transfer,8915.17,transactions5.csv
2024-04-19 19:35:54,800133099,Transfer,461.48,transactions5.csv
2024-04-19 19:35:54,357545469,Deposit,8375.98,transactions5.csv
2024-04-19 19:35:54,824707383,Transfer,4529.34,transactions5.csv
2024-04-19 19:35:54,539884640,Deposit,8124.81,transactions5.csv
2024-04-19 19:35:54,984617160,Withdrawal,7794.28,transactions5.csv
2024-04-19 19:35:54,483922007,Withdrawal,5010.35,transactions5.csv
2024-04-19 19:35:54,881664479,Deposit,3489.87,transactions5.csv
2024-04-19 19:35:54,461704306,Transfer,2191.38,transactions5.csv
2024-04-19 19:35:54,483922007,Withdrawal,2690.97,transactions5.csv
2024-04-19 19:35:54,984617160,Deposit,7494.07,transactions5.csv
2024-04-19 19:35:54,567583879,Withdrawal,1992.89,transactions5.csv
2024-04-19 19:35:54,616218555,Withdrawal,88.33,transactions5.csv
2024-04-19 19:35:54,881664479,Deposit,7447.78,transactions5.csv
2024-04-19 19:35:54,800133099,Deposit,9137.99,transactions5.csv
2024-04-19 19:35:54,912464069,Withdrawal,8901.97,transactions5.csv
2024-04-19 19:35:54,862986947,Transfer,4726.78,transactions5.csv
2024-04-19 19:35:54,539884640,Deposit,7878.32,transactions5.csv
2024-04-19 19:35:54,638990857,Withdrawal,8097.26,transactions5.csv
2024-04-19 19:35:54,937647425,Deposit,6649.74,transactions5.csv
2024-04-19 19:35:54,616218555,Deposit,7652.53,transactions5.csv
2024-04-19 19:35:54,824707383,Deposit,962.08,transactions5.csv
2024-04-19 19:35:54,824707383,Withdrawal,459.7,transactions5.csv
2024-04-19 19:35:54,984617160,Transfer,1257.7,transactions5.csv
2024-04-19 19:35:54,357545469,Transfer,9189.56,transactions5.csv
2024-04-19 19:35:54,567583879,Deposit,9918.38,transactions5.csv
2024-04-19 19:35:54,357545469,Withdrawal,8090.88,transactions5.csv
2024-04-19 19:35:54,567583879,Withdrawal,4776.01,transactions5.csv
2024-04-19 19:35:54,824707383,Deposit,7871.2,transactions5.csv
2024-04-19 19:35:54,638990857,Withdrawal,6959.05,transactions5.csv
2024-04-19 19:35:54,984617160,Deposit,7651.24,transactions5.csv
2024-04-19 19:35:54,824707383,Deposit,1654.11,transactions5.csv
2024-04-19 19:35:54,800133099,Transfer,1742.04,transactions5.csv
2024-04-19 19:35:54,984617160,Withdrawal,5941.81,transactions5.csv
2024-04-19 19:35:54,539884640,Deposit,1812.78,transactions5.csv
2024-04-19 19:35:54,912464069,Deposit,5995.16,transactions5.csv
2024-04-19 19:35:54,881664479,Deposit,1178.19,transactions5.csv
2024-04-19 19:35:54,800133099,Withdrawal,7827.37,transactions5.csv
2024-04-19 19:35:54,800133099,Transfer,1499.75,transactions5.csv
2024-04-19 19:35:54,881664479,Withdrawal,6934.25,transactions5.csv
2024-04-19 19:35:54,567583879,Deposit,5937.08,transactions5.csv
2024-04-19 19:35:54,881664479,Transfer,8811.94,transactions5.csv
2024-04-19 19:35:54,483922007,Deposit,5224.15,transactions5.csv
2024-04-19 19:35:54,483922007,Transfer,6398.56,transactions5.csv
2024-04-19 19:35:54,539884640,Transfer,1685.51,transactions5.csv
2024-04-19 19:35:54,912464069,Transfer,8526.33,transactions5.csv
2024-04-19 19:35:54,862986947,Transfer,6310.91,transactions5.csv
2024-04-19 19:35:54,800133099,Deposit,6451.59,transactions5.csv
2024-04-19 19:35:54,483922007,Deposit,2734.61,transactions5.csv
2024-04-19 19:35:54,800133099,Withdrawal,4726.94,transactions5.csv
2024-04-19 19:35:54,800133099,Deposit,3241.85,transactions5.csv
2024-04-19 19:35:54,984617160,Withdrawal,5053.45,transactions5.csv
2024-04-19 19:35:54,824707383,Withdrawal,2498.21,transactions5.csv
2024-04-19 19:35:54,567583879,Withdrawal,6612.82,transactions5.csv
2024-04-19 19:35:54,984617160,Deposit,1678.7,transactions5.csv
2024-04-19 19:35:54,800133099,Withdrawal,6819.18,transactions5.csv
2024-04-19 19:35:54,800133099,Transfer,2012.82,transactions5.csv
2024-04-19 19:35:54,881664479,Deposit,3895.4,transactions5.csv
2024-04-19 19:35:54,357545469,Transfer,2086.01,transactions5.csv
2024-04-19 19:35:54,567583879,Deposit,5084.38,transactions5.csv
2024-04-19 19:35:54,984617160,Deposit,8689.21,transactions5.csv
2024-04-19 19:35:54,862986947,Withdrawal,8777.35,transactions5.csv
2024-04-19 19:35:54,616218555,Withdrawal,1303.39,transactions5.csv
2024-04-19 19:35:54,881664479,Transfer,2378.59,transactions5.csv
2024-04-19 19:35:54,862986947,Withdrawal,1781.37,transactions5.csv
2024-04-19 19:35:54,483922007,Transfer,3113.6,transactions5.csv
2024-04-19 19:35:54,483922007,Deposit,7196.9,transactions5.csv
2024-04-19 19:35:54,984617160,Deposit,8342.51,transactions5.csv
2024-04-19 19:35:54,461704306,Withdrawal,8669.14,transactions5.csv
2024-04-19 19:35:54,881664479,Transfer,4726.36,transactions5.csv
2024-04-19 19:35:54,567583879,Withdrawal,8417.54,transactions5.csv
2024-04-19 19:35:54,638990857,Transfer,3999.61,transactions5.csv
2024-04-19 19:35:54,638990857,Deposit,3519.86,transactions5.csv
2024-04-19 19:35:54,461704306,Transfer,8281.86,transactions5.csv
2024-04-19 19:35:54,638990857,Withdrawal,7962.02,transactions5.csv
2024-04-19 19:35:54,912464069,Withdrawal,216.47,transactions5.csv
2024-04-19 19:35:54,357545469,Withdrawal,3657.84,transactions5.csv
2024-04-19 19:35:54,824707383,Transfer,3542.1,transactions5.csv
2024-04-19 19:35:54,824707383,Deposit,2588.08,transactions5.csv
2024-04-19 19:35:54,937647425,Deposit,3604.51,transactions5.csv
2024-04-19 19:35:54,824707383,Deposit,1574.71,transactions5.csv
2024-04-19 19:35:54,937647425,Transfer,8912.52,transactions5.csv
2024-04-19 19:35:54,862986947,Withdrawal,4133.57,transactions5.csv
2024-04-19 19:35:54,567583879,Withdrawal,7962.62,transactions5.csv
2024-04-19 19:35:54,567583879,Deposit,7298.34,transactions5.csv
2024-04-19 19:35:54,616218555,Withdrawal,1515.42,transactions5.csv
2024-04-19 19:35:54,984617160,Transfer,5773.99,transactions5.csv
2024-04-19 19:35:54,567583879,Withdrawal,3565.07,transactions5.csv
2024-04-19 19:35:54,912464069,Transfer,112.26,transactions5.csv
2024-04-19 19:35:54,881664479,Transfer,7532.75,transactions5.csv
2024-04-19 19:35:54,638990857,Deposit,2160.6,transactions5.csv
2024-04-19 19:35:54,984617160,Deposit,2045.4,transactions5.csv
2024-04-19 19:35:54,912464069,Withdrawal,6084.71,transactions5.csv
2024-04-19 19:35:54,800133099,Withdrawal,32.22,transactions5.csv
2024-04-19 19:35:54,461704306,Withdrawal,6157.54,transactions5.csv
2024-04-19 19:35:54,862986947,Deposit,5865.93,transactions5.csv
2024-04-19 19:35:54,881664479,Deposit,5727.56,transactions5.csv
2024-04-19 19:35:54,567583879,Transfer,7284.73,transactions5.csv
2024-04-19 19:35:54,638990857,Withdrawal,8758.13,transactions5.csv
2024-04-19 19:35:54,483922007,Deposit,7763.97,transactions5.csv
2024-04-19 19:35:54,937647425,Deposit,1566.11,transactions5.csv
2024-04-19 19:35:54,862986947,Withdrawal,1301.65,transactions5.csv
2024-04-19 19:35:54,824707383,Deposit,8331.74,transactions5.csv
2024-04-19 19:35:54,881664479,Withdrawal,3711.39,transactions5.csv
2024-04-19 19:35:54,357545469,Transfer,8153.72,transactions5.csv
2024-04-19 19:35:54,539884640,Transfer,9301.68,transactions5.csv
2024-04-19 19:35:54,937647425,Deposit,1014.67,transactions5.csv
2024-04-19 19:35:54,567583879,Deposit,5659.89,transactions5.csv
2024-04-19 19:35:54,461704306,Transfer,6821.6,transactions5.csv
2024-04-19 19:35:54,912464069,Transfer,7135.23,transactions5.csv
2024-04-19 19:35:54,984617160,Withdrawal,5121.12,transactions5.csv
2024-04-19 19:35:54,881664479,Withdrawal,6552.94,transactions5.csv
2024-04-19 19:35:54,638990857,Deposit,4728.18,transactions5.csv
2024-04-19 19:35:54,616218555,Transfer,319.36,transactions5.csv
2024-04-19 19:35:54,539884640,Deposit,1418.96,transactions5.csv
2024-04-19 19:35:54,483922007,Withdrawal,5272.87,transactions5.csv
2024-04-19 19:35:54,937647425,Withdrawal,4698.1,transactions5.csv
2024-04-19 19:35:54,984617160,Deposit,8180.33,transactions5.csv
2024-04-19 19:35:54,567583879,Deposit,7804.28,transactions5.csv
2024-04-19 19:35:54,824707383,Transfer,6964.8,transactions5.csv
2024-04-19 19:35:54,881664479,Deposit,8236.38,transactions5.csv
2024-04-19 19:35:54,881664479,Transfer,1303.45,transactions5.csv
2024-04-19 19:35:54,800133099,Withdrawal,3937.21,transactions5.csv
2024-04-19 19:35:54,984617160,Deposit,3614.89,transactions5.csv
2024-04-19 19:35:54,912464069,Withdrawal,6687.76,transactions5.csv
2024-04-19 19:35:54,539884640,Deposit,2002.15,transactions5.csv
2024-04-19 19:35:54,616218555,Transfer,9500.63,transactions5.csv
2024-04-19 19:35:54,862986947,Deposit,6977.98,transactions5.csv
2024-04-19 19:35:54,800133099,Withdrawal,8655.9,transactions5.csv
2024-04-19 19:35:54,984617160,Transfer,7054.4,transactions5.csv
2024-04-19 19:35:54,461704306,Transfer,9769.73,transactions5.csv
2024-04-19 19:35:54,461704306,Deposit,4729.93,transactions5.csv
2024-04-19 19:35:54,984617160,Withdrawal,9589.45,transactions5.csv
2024-04-19 19:35:54,461704306,Transfer,9748.56,transactions5.csv
2024-04-19 19:35:54,881664479,Withdrawal,1657.86,transactions5.csv
2024-04-19 19:35:54,461704306,Withdrawal,2801.72,transactions5.csv
2024-04-19 19:35:54,824707383,Transfer,3219.34,transactions5.csv
2024-04-19 19:35:54,881664479,Withdrawal,3416.03,transactions5.csv
2024-04-19 19:35:54,937647425,Deposit,6496.34,transactions5.csv
2024-04-19 19:35:54,912464069,Withdrawal,3185.25,transactions5.csv
2024-04-19 19:35:54,638990857,Transfer,305.2,transactions5.csv
2024-04-19 19:35:54,881664479,Withdrawal,4983.1,transactions5.csv
2024-04-19 19:35:54,862986947,Withdrawal,5229.46,transactions5.csv
2024-04-19 19:35:54,539884640,Transfer,9078.82,transactions5.csv
2024-04-19 19:35:54,800133099,Withdrawal,6028.85,transactions5.csv
2024-04-19 19:35:54,638990857,Transfer,9277.72,transactions5.csv
2024-04-19 19:35:54,567583879,Deposit,9305.7,transactions5.csv
2024-04-19 19:35:54,937647425,Deposit,1042.21,transactions5.csv
2024-04-19 19:35:54,567583879,Withdrawal,1566.0,transactions5.csv
2024-04-19 19:35:54,881664479,Transfer,2954.54,transactions5.csv
2024-04-19 19:35:54,881664479,Deposit,2582.21,transactions5.csv
2024-04-19 19:35:54,638990857,Transfer,2913.89,transactions5.csv
2024-04-19 19:35:54,567583879,Deposit,8973.29,transactions5.csv
2024-04-19 19:35:54,862986947,Deposit,7911.98,transactions5.csv
2024-04-19 19:35:54,567583879,Transfer,3818.02,transactions5.csv
2024-04-19 19:35:54,539884640,Deposit,3810.7,transactions5.csv
2024-04-19 19:35:54,800133099,Withdrawal,6401.96,transactions5.csv
2024-04-19 19:35:54,862986947,Withdrawal,6205.8,transactions5.csv
2024-04-19 19:35:54,539884640,Deposit,7633.27,transactions5.csv
2024-04-19 19:35:54,800133099,Deposit,8853.41,transactions5.csv
2024-04-19 19:35:54,461704306,Withdrawal,1904.97,transactions5.csv
2024-04-19 19:35:54,539884640,Withdrawal,6120.8,transactions5.csv
2024-04-19 19:35:54,984617160,Deposit,7489.81,transactions5.csv
2024-04-19 19:35:54,862986947,Deposit,8165.85,transactions5.csv
2024-04-19 19:35:54,616218555,Deposit,1946.85,transactions5.csv
2024-04-19 19:35:54,862986947,Withdrawal,9512.32,transactions5.csv
2024-04-19 19:35:54,567583879,Deposit,3305.2,transactions5.csv
2024-04-19 19:35:54,984617160,Withdrawal,4097.98,transactions5.csv
2024-04-19 19:35:54,616218555,Transfer,9810.66,transactions5.csv
2024-04-19 19:35:54,638990857,Transfer,8617.77,transactions5.csv
2024-04-19 19:35:54,461704306,Withdrawal,7371.75,transactions5.csv
2024-04-19 19:35:54,567583879,Withdrawal,8202.21,transactions5.csv
2024-04-19 19:35:54,567583879,Deposit,5754.78,transactions5.csv
2024-04-19 19:35:54,881664479,Transfer,9043.54,transactions5.csv
2024-04-19 19:35:54,984617160,Deposit,3613.78,transactions5.csv
2024-04-19 19:35:54,461704306,Transfer,4210.57,transactions5.csv
2024-04-19 19:35:54,638990857,Withdrawal,7192.81,transactions5.csv
2024-04-19 19:35:54,539884640,Withdrawal,2589.08,transactions5.csv
2024-04-19 19:35:54,824707383,Deposit,8438.91,transactions5.csv
2024-04-19 19:35:54,616218555,Withdrawal,6965.75,transactions5.csv
2024-04-19 19:35:54,881664479,Deposit,5253.0,transactions5.csv
2024-04-19 19:35:54,824707383,Transfer,1960.76,transactions5.csv
2024-04-19 19:35:54,483922007,Transfer,3261.84,transactions5.csv
2024-04-19 19:35:54,881664479,Withdrawal,1875.52,transactions5.csv
2024-04-19 19:35:54,461704306,Transfer,6676.7,transactions5.csv
2024-04-19 19:35:54,984617160,Deposit,320.9,transactions5.csv
2024-04-19 19:35:54,357545469,Withdrawal,198.45,transactions5.csv
2024-04-19 19:35:54,483922007,Withdrawal,8236.06,transactions5.csv
2024-04-19 19:35:54,937647425,Transfer,2953.87,transactions5.csv
2024-04-19 19:35:54,616218555,Transfer,2769.36,transactions5.csv
2024-04-19 19:35:54,984617160,Transfer,9983.95,transactions5.csv
2024-04-19 19:35:54,912464069,Transfer,4556.55,transactions5.csv
2024-04-19 19:35:54,616218555,Withdrawal,5121.31,transactions5.csv
2024-04-19 19:35:54,984617160,Transfer,6377.47,transactions5.csv
2024-04-19 19:35:54,483922007,Withdrawal,3002.34,transactions5.csv
2024-04-19 19:35:54,357545469,Withdrawal,2970.04,transactions5.csv
2024-04-19 19:35:54,539884640,Transfer,5940.55,transactions5.csv
2024-04-19 19:35:54,881664479,Transfer,8843.09,transactions5.csv
2024-04-19 19:35:54,539884640,Deposit,165.31,transactions5.csv
2024-04-19 19:35:54,357545469,Withdrawal,553.52,transactions5.csv
2024-04-19 19:35:54,862986947,Deposit,5924.02,transactions5.csv
2024-04-19 19:35:54,483922007,Withdrawal,2993.08,transactions5.csv
2024-04-19 19:35:54,616218555,Transfer,2072.29,transactions5.csv
2024-04-19 19:35:54,881664479,Transfer,5686.84,transactions5.csv
2024-04-19 19:35:54,881664479,Transfer,5640.96,transactions5.csv
2024-04-19 19:35:54,483922007,Deposit,3217.32,transactions5.csv
2024-04-19 19:35:54,862986947,Deposit,6919.64,transactions5.csv
2024-04-19 19:35:54,357545469,Deposit,2179.0,transactions5.csv
2024-04-19 19:35:54,616218555,Withdrawal,2349.31,transactions5.csv
2024-04-19 19:35:54,539884640,Transfer,8459.5,transactions5.csv
2024-04-19 19:35:54,862986947,Withdrawal,7468.68,transactions5.csv
2024-04-19 19:35:54,483922007,Deposit,6511.25,transactions5.csv
2024-04-19 19:35:54,862986947,Withdrawal,939.5,transactions5.csv
2024-04-19 19:35:54,357545469,Deposit,7796.67,transactions5.csv
2024-04-19 19:35:54,937647425,Transfer,5322.22,transactions5.csv
2024-04-19 19:35:54,937647425,Deposit,7697.21,transactions5.csv
2024-04-19 19:35:54,881664479,Transfer,6388.12,transactions5.csv
2024-04-19 19:35:54,461704306,Deposit,2718.25,transactions5.csv
2024-04-19 19:35:54,984617160,Withdrawal,4418.64,transactions5.csv
2024-04-19 19:35:54,800133099,Transfer,9049.13,transactions5.csv
2024-04-19 19:35:54,937647425,Transfer,1090.42,transactions5.csv
2024-04-19 19:35:54,937647425,Withdrawal,4717.55,transactions5.csv
2024-04-19 19:35:54,539884640,Withdrawal,4054.33,transactions5.csv
2024-04-19 19:35:54,539884640,Deposit,7844.28,transactions5.csv
2024-04-19 19:35:54,483922007,Transfer,6993.94,transactions5.csv
2024-04-19 19:35:54,461704306,Deposit,9126.27,transactions5.csv
2024-04-19 19:35:54,912464069,Transfer,509.58,transactions5.csv
2024-04-19 19:35:54,483922007,Transfer,5883.49,transactions5.csv
2024-04-19 19:35:54,483922007,Deposit,965.26,transactions5.csv
2024-04-19 19:35:54,483922007,Withdrawal,7912.09,transactions5.csv
2024-04-19 19:35:54,616218555,Withdrawal,5754.03,transactions5.csv
2024-04-19 19:35:54,616218555,Transfer,3371.8,transactions5.csv
2024-04-19 19:35:54,357545469,Withdrawal,6204.32,transactions5.csv
2024-04-19 19:35:54,937647425,Deposit,9888.96,transactions5.csv
2024-04-19 19:35:54,616218555,Transfer,120.83,transactions5.csv
2024-04-19 19:35:54,862986947,Deposit,368.73,transactions5.csv
2024-04-19 19:35:54,461704306,Deposit,5282.6,transactions5.csv
2024-04-19 19:35:54,937647425,Deposit,419.71,transactions5.csv
2024-04-19 19:35:54,461704306,Transfer,3931.2,transactions5.csv
2024-04-19 19:35:54,483922007,Withdrawal,2573.58,transactions5.csv
2024-04-19 19:35:54,616218555,Withdrawal,7641.52,transactions5.csv
2024-04-19 19:35:54,800133099,Deposit,4396.06,transactions5.csv
2024-04-19 19:35:54,881664479,Transfer,8500.26,transactions5.csv
2024-04-19 19:35:54,984617160,Deposit,6084.66,transactions5.csv
2024-04-19 19:35:54,461704306,Transfer,8255.88,transactions5.csv
2024-04-19 19:35:54,357545469,Transfer,3666.79,transactions5.csv
2024-04-19 19:35:54,824707383,Withdrawal,5309.33,transactions5.csv
2024-04-19 19:35:54,638990857,Deposit,6462.31,transactions5.csv
2024-04-19 19:35:54,912464069,Withdrawal,1331.97,transactions5.csv
2024-04-19 19:35:54,638990857,Deposit,8949.03,transactions5.csv
2024-04-19 19:35:54,912464069,Deposit,9045.49,transactions5.csv
2024-04-19 19:35:54,638990857,Withdrawal,6259.36,transactions5.csv
2024-04-19 19:35:54,881664479,Withdrawal,5464.88,transactions5.csv
2024-04-19 19:35:54,567583879,Deposit,796.0,transactions5.csv
2024-04-19 19:35:54,539884640,Withdrawal,1036.29,transactions5.csv
2024-04-19 19:35:54,881664479,Transfer,1300.9,transactions5.csv
2024-04-19 19:35:54,567583879,Deposit,5359.68,transactions5.csv
2024-04-19 19:35:54,616218555,Withdrawal,4069.5,transactions5.csv
2024-04-19 19:35:54,483922007,Withdrawal,9279.72,transactions5.csv
2024-04-19 19:35:54,483922007,Deposit,8623.73,transactions5.csv
2024-04-19 19:35:54,461704306,Withdrawal,2467.38,transactions5.csv
2024-04-19 19:35:54,616218555,Withdrawal,4349.07,transactions5.csv
2024-04-19 19:35:54,357545469,Withdrawal,7140.13,transactions5.csv
2024-04-19 19:35:54,567583879,Transfer,9465.31,transactions5.csv
2024-04-19 19:35:54,800133099,Deposit,5353.22,transactions5.csv
2024-04-19 19:35:54,937647425,Deposit,1767.59,transactions5.csv
2024-04-19 19:35:54,638990857,Transfer,3643.29,transactions5.csv
2024-04-19 19:35:54,357545469,Withdrawal,7299.31,transactions5.csv
2024-04-19 19:35:54,461704306,Transfer,2398.26,transactions5.csv
2024-04-19 19:35:54,800133099,Transfer,88.71,transactions5.csv
2024-04-19 19:35:54,616218555,Withdrawal,5681.4,transactions5.csv
2024-04-19 19:35:54,567583879,Deposit,2773.6,transactions5.csv
2024-04-19 19:35:54,862986947,Deposit,1555.85,transactions5.csv
2024-04-19 19:35:54,881664479,Deposit,1071.53,transactions5.csv
2024-04-19 19:35:54,539884640,Transfer,9042.82,transactions5.csv
2024-04-19 19:35:54,984617160,Deposit,6134.94,transactions5.csv
2024-04-19 19:35:54,800133099,Deposit,4519.83,transactions5.csv
2024-04-19 19:35:54,800133099,Deposit,8504.48,transactions5.csv
2024-04-19 19:35:54,539884640,Deposit,3034.33,transactions5.csv
2024-04-19 19:35:54,862986947,Withdrawal,61.56,transactions5.csv
2024-04-19 19:35:54,539884640,Transfer,4583.86,transactions5.csv
2024-04-19 19:35:54,862986947,Withdrawal,8846.83,transactions5.csv
2024-04-19 19:35:54,567583879,Deposit,86.6,transactions5.csv
2024-04-19 19:35:54,862986947,Withdrawal,3719.22,transactions5.csv
2024-04-19 19:35:54,912464069,Transfer,6584.38,transactions5.csv
2024-04-19 19:35:54,357545469,Deposit,2968.25,transactions5.csv
2024-04-19 19:35:54,567583879,Withdrawal,6021.1,transactions5.csv
2024-04-19 19:35:54,800133099,Withdrawal,4731.31,transactions5.csv
2024-04-19 19:35:54,984617160,Withdrawal,4620.63,transactions5.csv
2024-04-19 19:35:54,800133099,Withdrawal,5107.64,transactions5.csv
2024-04-19 19:35:54,984617160,Transfer,623.28,transactions5.csv
2024-04-19 19:35:54,800133099,Transfer,7420.65,transactions5.csv
2024-04-19 19:35:54,539884640,Deposit,5732.49,transactions5.csv
2024-04-19 19:35:54,937647425,Transfer,7299.1,transactions5.csv
2024-04-19 19:35:54,912464069,Deposit,899.95,transactions5.csv
2024-04-19 19:35:54,881664479,Withdrawal,4007.03,transactions5.csv
2024-04-19 19:35:54,800133099,Deposit,427.67,transactions5.csv
2024-04-19 19:35:54,616218555,Withdrawal,5492.4,transactions5.csv
2024-04-19 19:35:54,539884640,Transfer,4734.64,transactions5.csv
2024-04-19 19:35:54,357545469,Withdrawal,6622.29,transactions5.csv
2024-04-19 19:35:54,638990857,Transfer,2925.71,transactions5.csv
2024-04-19 19:35:54,800133099,Transfer,4463.52,transactions5.csv
2024-04-19 19:35:54,483922007,Withdrawal,7299.92,transactions5.csv
2024-04-19 19:35:54,357545469,Withdrawal,8903.53,transactions5.csv
2024-04-19 19:35:54,824707383,Deposit,1665.61,transactions5.csv
2024-04-19 19:35:54,567583879,Withdrawal,2078.16,transactions5.csv
2024-04-19 19:35:54,937647425,Transfer,4621.13,transactions5.csv
2024-04-19 19:35:54,862986947,Withdrawal,4020.03,transactions5.csv
2024-04-19 19:35:54,862986947,Withdrawal,2363.52,transactions5.csv
2024-04-19 19:35:54,912464069,Transfer,5148.23,transactions5.csv
2024-04-19 19:35:54,357545469,Transfer,9584.4,transactions5.csv
2024-04-19 19:35:54,824707383,Withdrawal,7460.81,transactions5.csv
2024-04-19 19:35:54,483922007,Withdrawal,7336.11,transactions5.csv
2024-04-19 19:35:54,937647425,Transfer,2173.64,transactions5.csv
2024-04-19 19:35:54,539884640,Withdrawal,7500.91,transactions5.csv
2024-04-19 19:35:54,881664479,Withdrawal,8541.75,transactions5.csv
2024-04-19 19:35:54,862986947,Withdrawal,9841.61,transactions5.csv
2024-04-19 19:35:54,616218555,Transfer,6321.62,transactions5.csv
2024-04-19 19:35:54,461704306,Withdrawal,6594.73,transactions5.csv
2024-04-19 19:35:54,567583879,Deposit,9816.84,transactions5.csv
2024-04-19 19:35:54,616218555,Withdrawal,179.7,transactions5.csv
2024-04-19 19:35:54,862986947,Deposit,3098.01,transactions5.csv
2024-04-19 19:35:54,461704306,Deposit,5420.82,transactions5.csv
2024-04-19 19:35:54,984617160,Deposit,7960.6,transactions5.csv
2024-04-19 19:35:54,461704306,Deposit,7309.53,transactions5.csv
2024-04-19 19:35:54,616218555,Deposit,7573.97,transactions5.csv
2024-04-19 19:35:54,357545469,Transfer,2397.08,transactions5.csv
2024-04-19 19:35:54,984617160,Transfer,8708.23,transactions5.csv
2024-04-19 19:35:54,862986947,Withdrawal,6455.38,transactions5.csv
2024-04-19 19:35:54,912464069,Withdrawal,5071.7,transactions5.csv
2024-04-19 19:35:54,616218555,Transfer,4111.03,transactions5.csv
2024-04-19 19:35:54,616218555,Withdrawal,9736.17,transactions5.csv
2024-04-19 19:35:54,357545469,Withdrawal,7652.0,transactions5.csv
2024-04-19 19:35:54,800133099,Withdrawal,5821.52,transactions5.csv
2024-04-19 19:35:54,616218555,Withdrawal,4096.14,transactions5.csv
2024-04-19 19:35:54,862986947,Transfer,3648.54,transactions5.csv
2024-04-19 19:35:54,912464069,Deposit,8035.82,transactions5.csv
2024-04-19 19:35:54,800133099,Transfer,8072.29,transactions5.csv
2024-04-19 19:35:54,862986947,Withdrawal,4608.08,transactions5.csv
2024-04-19 19:35:54,912464069,Deposit,6341.01,transactions5.csv
2024-04-19 19:35:54,567583879,Withdrawal,9821.13,transactions5.csv
2024-04-19 19:35:54,912464069,Withdrawal,8478.81,transactions5.csv
2024-04-19 19:35:54,937647425,Withdrawal,1902.43,transactions5.csv
2024-04-19 19:35:54,937647425,Withdrawal,8263.0,transactions5.csv
2024-04-19 19:35:54,862986947,Withdrawal,5440.47,transactions5.csv
2024-04-19 19:35:54,616218555,Deposit,1156.71,transactions5.csv
2024-04-19 19:35:54,616218555,Deposit,8675.25,transactions5.csv
2024-04-19 19:35:54,881664479,Deposit,697.0,transactions5.csv
2024-04-19 19:35:54,638990857,Withdrawal,7803.35,transactions5.csv
2024-04-19 19:35:54,539884640,Withdrawal,1418.15,transactions5.csv
2024-04-19 19:35:54,824707383,Transfer,6251.11,transactions5.csv
2024-04-19 19:35:54,937647425,Withdrawal,983.5,transactions5.csv
2024-04-19 19:35:54,539884640,Deposit,2037.79,transactions5.csv
2024-04-19 19:35:54,881664479,Transfer,6941.84,transactions5.csv
2024-04-19 19:35:54,912464069,Withdrawal,1625.33,transactions5.csv
2024-04-19 19:35:54,357545469,Withdrawal,3733.06,transactions5.csv
2024-04-19 19:35:54,984617160,Deposit,7718.65,transactions5.csv
2024-04-19 19:35:54,616218555,Deposit,1567.18,transactions5.csv
2024-04-19 19:35:54,984617160,Transfer,8245.07,transactions5.csv
2024-04-19 19:35:54,539884640,Transfer,8201.46,transactions5.csv
2024-04-19 19:35:54,912464069,Deposit,7417.21,transactions5.csv
2024-04-19 19:35:54,937647425,Withdrawal,4735.14,transactions5.csv
2024-04-19 19:35:54,937647425,Deposit,2890.39,transactions5.csv
2024-04-19 19:35:54,567583879,Withdrawal,2671.45,transactions5.csv
2024-04-19 19:35:54,984617160,Deposit,1400.22,transactions5.csv
2024-04-19 19:35:54,539884640,Transfer,6754.86,transactions5.csv
2024-04-19 19:35:54,483922007,Deposit,940.83,transactions5.csv
2024-04-19 19:35:54,881664479,Deposit,1103.92,transactions5.csv
2024-04-19 19:35:54,824707383,Transfer,6575.2,transactions5.csv
2024-04-19 19:35:54,539884640,Withdrawal,5155.18,transactions5.csv
2024-04-19 19:35:54,800133099,Transfer,7527.24,transactions5.csv
2024-04-19 19:35:54,824707383,Withdrawal,3504.89,transactions5.csv
2024-04-19 19:35:54,483922007,Transfer,7197.27,transactions5.csv
2024-04-19 19:35:54,984617160,Withdrawal,337.52,transactions5.csv
2024-04-19 19:35:54,357545469,Deposit,4921.43,transactions5.csv
2024-04-19 19:35:54,461704306,Transfer,9789.08,transactions5.csv
2024-04-19 19:35:54,567583879,Withdrawal,8808.38,transactions5.csv
2024-04-19 19:35:54,567583879,Withdrawal,5564.64,transactions5.csv
2024-04-19 19:35:54,483922007,Transfer,9365.63,transactions5.csv
2024-04-19 19:35:54,800133099,Deposit,238.88,transactions5.csv
2024-04-19 19:35:54,862986947,Transfer,5697.77,transactions5.csv
2024-04-19 19:35:54,638990857,Withdrawal,9073.89,transactions5.csv
2024-04-19 19:35:54,984617160,Deposit,4823.23,transactions5.csv
2024-04-19 19:35:54,616218555,Withdrawal,8802.85,transactions5.csv
2024-04-19 19:35:54,357545469,Transfer,9798.74,transactions5.csv
2024-04-19 19:35:54,862986947,Transfer,2922.86,transactions5.csv
2024-04-19 19:35:54,483922007,Withdrawal,8670.43,transactions5.csv
2024-04-19 19:35:54,912464069,Withdrawal,8961.03,transactions5.csv
2024-04-19 19:35:54,937647425,Deposit,2789.39,transactions5.csv
2024-04-19 19:35:54,567583879,Withdrawal,2539.5,transactions5.csv
2024-04-19 19:35:54,824707383,Withdrawal,6705.17,transactions5.csv
2024-04-19 19:35:54,937647425,Deposit,7853.12,transactions5.csv
2024-04-19 19:35:54,937647425,Transfer,8262.25,transactions5.csv
2024-04-19 19:35:54,616218555,Withdrawal,4213.12,transactions5.csv
2024-04-19 19:35:54,881664479,Withdrawal,6342.43,transactions5.csv
2024-04-19 19:35:54,539884640,Withdrawal,4881.42,transactions5.csv
2024-04-19 19:35:54,984617160,Transfer,4715.87,transactions5.csv
2024-04-19 19:35:54,616218555,Withdrawal,1732.51,transactions5.csv
2024-04-19 19:35:54,824707383,Deposit,2099.67,transactions5.csv
2024-04-19 19:35:54,461704306,Withdrawal,7257.71,transactions5.csv
2024-04-19 19:35:54,800133099,Withdrawal,9529.77,transactions5.csv
2024-04-19 19:35:54,357545469,Deposit,9929.51,transactions5.csv
2024-04-19 19:35:54,984617160,Withdrawal,8054.24,transactions5.csv
2024-04-19 19:35:54,937647425,Transfer,1727.96,transactions5.csv
2024-04-19 19:35:54,984617160,Withdrawal,2059.14,transactions5.csv
2024-04-19 19:35:54,881664479,Deposit,688.37,transactions5.csv
2024-04-19 19:35:54,616218555,Withdrawal,3237.43,transactions5.csv
2024-04-19 19:35:54,616218555,Deposit,8375.96,transactions5.csv
2024-04-19 19:35:54,824707383,Deposit,4526.84,transactions5.csv
2024-04-19 19:35:54,638990857,Transfer,9065.03,transactions5.csv
2024-04-19 19:35:54,912464069,Deposit,5295.63,transactions5.csv
2024-04-19 19:35:54,937647425,Withdrawal,121.91,transactions5.csv
2024-04-19 19:35:54,483922007,Deposit,3096.24,transactions5.csv
2024-04-19 19:35:54,912464069,Deposit,3743.04,transactions5.csv
2024-04-19 19:35:54,937647425,Deposit,4579.81,transactions5.csv
2024-04-19 19:35:54,567583879,Withdrawal,6890.49,transactions5.csv
2024-04-19 19:35:54,824707383,Transfer,1236.12,transactions5.csv
2024-04-19 19:35:54,912464069,Deposit,1603.8,transactions5.csv
2024-04-19 19:35:54,824707383,Transfer,3850.45,transactions5.csv
2024-04-19 19:35:54,539884640,Withdrawal,2881.8,transactions5.csv
2024-04-19 19:35:54,483922007,Deposit,3023.1,transactions5.csv
2024-04-19 19:35:54,984617160,Transfer,398.65,transactions5.csv
2024-04-19 19:35:54,824707383,Deposit,9193.08,transactions5.csv
2024-04-19 19:35:54,567583879,Withdrawal,6983.66,transactions5.csv
